CREATE DATABASE MODELO_PARCIAL2
GO
USE MODELO_PARCIAL2
GO
CREATE TABLE BANCOS(
  IDBANCO INT NOT NULL PRIMARY KEY,
  NOMBRE VARCHAR(50) NOT NULL,
  TIPO SMALLINT NOT NULL
)
GO
CREATE TABLE PERSONAS(
  DNI INT NOT NULL PRIMARY KEY,
  APELLIDO VARCHAR(50) NOT NULL,
  NOMBRES VARCHAR(50) NOT NULL,
  DECLARACION_GANANCIAS MONEY NOT NULL
)
GO
CREATE TABLE CREDITOS(
  IDCREDITO BIGINT NOT NULL PRIMARY KEY IDENTITY (1, 1),
  IDBANCO INT NOT NULL FOREIGN KEY REFERENCES BANCOS(IDBANCO),
  DNI INT NOT NULL FOREIGN KEY REFERENCES PERSONAS(DNI),
  FECHA DATE NOT NULL,
  IMPORTE MONEY NOT NULL,
  PLAZO INT NOT NULL,
  CANCELADO BIT NOT NULL
)
INSERT INTO BANCOS (IDBANCO, NOMBRE,TIPO) VALUES (1, 'BANCO PROVINCIA', 1)
INSERT INTO BANCOS (IDBANCO, NOMBRE,TIPO) VALUES (2, 'BANCO NACION', 1)
INSERT INTO BANCOS (IDBANCO, NOMBRE,TIPO) VALUES (3, 'BANCO PATAGONIA', 2)
INSERT INTO BANCOS (IDBANCO, NOMBRE,TIPO) VALUES (4, 'ICBC', 2)
INSERT INTO BANCOS (IDBANCO, NOMBRE,TIPO) VALUES (5, 'BANCO FRANCES', 2)

INSERT INTO PERSONAS (DNI, APELLIDO, NOMBRES, DECLARACION_GANANCIAS) VALUES (1111, 'SEINFELD', 'JERRY', 700000)
INSERT INTO PERSONAS (DNI, APELLIDO, NOMBRES, DECLARACION_GANANCIAS) VALUES (2222, 'COSTANZA', 'GEORGE', 250000)
INSERT INTO PERSONAS (DNI, APELLIDO, NOMBRES, DECLARACION_GANANCIAS) VALUES (3333, 'BENES', 'ELAINE', 500000)
INSERT INTO PERSONAS (DNI, APELLIDO, NOMBRES, DECLARACION_GANANCIAS) VALUES (4444, 'KRAMER', 'COSMO', 100000)

SET DATEFORMAT 'YMD'
INSERT INTO CREDITOS (IDBANCO, DNI, FECHA, IMPORTE, PLAZO, CANCELADO) VALUES (1, 1111, '2017/06/01', 1200000, 30, 0)
INSERT INTO CREDITOS (IDBANCO, DNI, FECHA, IMPORTE, PLAZO, CANCELADO) VALUES (1, 1111, '2013/05/01', 1200000, 5, 1)
INSERT INTO CREDITOS (IDBANCO, DNI, FECHA, IMPORTE, PLAZO, CANCELADO) VALUES (3, 1111, '2012/04/15', 1200000, 5, 1)

INSERT INTO CREDITOS (IDBANCO, DNI, FECHA, IMPORTE, PLAZO, CANCELADO) VALUES (4, 2222, '2017/06/20', 200000, 30, 0)
INSERT INTO CREDITOS (IDBANCO, DNI, FECHA, IMPORTE, PLAZO, CANCELADO) VALUES (5, 2222, '2017/06/20', 200000, 30, 0)

INSERT INTO CREDITOS (IDBANCO, DNI, FECHA, IMPORTE, PLAZO, CANCELADO) VALUES (3, 3333, '2016/10/20', 1000000, 30, 0)
INSERT INTO CREDITOS (IDBANCO, DNI, FECHA, IMPORTE, PLAZO, CANCELADO) VALUES (4, 3333, '2017/02/20', 1000000, 30, 1)
INSERT INTO CREDITOS (IDBANCO, DNI, FECHA, IMPORTE, PLAZO, CANCELADO) VALUES (5, 3333, '2017/03/20', 200000, 10, 0)